,identificador,Página,error,Número de visitas a páginas
0,284744u,page3,user_error,20
1,222252u,page3,user_error,18
2,171630u,page3,user_error,12
3,11180u,page3,user_error,11
4,31015u,page3,user_error,11
5,210241u,page3,user_error,10
6,226735u,page3,user_error,9
7,257135u,page3,user_error,9
8,67916u,page3,user_error,8
9,24268u,page3,user_error,8
10,144833u,page3,user_error,8
11,67822u,page3,user_error,7
12,286450u,page3,user_error,7
13,149943u,page3,user_error,7
14,11180u,page3,user_error,7
15,73527u,page3,user_error,7
16,53337u,page3,user_error,7
17,195179u,page3,user_error,7
18,208443u,page3,user_error,6
19,140340u,page3,user_error,6
20,138236u,page3,user_error,6
21,248752u,page3,user_error,5
22,120067u,page3,user_error,5
23,63767u,page3,user_error,5
24,3130u,page3,user_error,5
25,276950u,page3,user_error,5
26,194220u,page3,user_error,5
27,4106u,page3,user_error,5
28,298973u,page3,user_error,5
29,269704u,page3,user_error,5
30,129749u,page3,user_error,5
31,219303u,page3,user_error,5
32,248752u,page3,user_error,4
33,163588u,page3,user_error,4
34,205515u,page3,user_error,4
35,37563u,page3,user_error,4
36,239946u,page3,user_error,4
37,192900u,page3,user_error,4
38,82509u,page3,user_error,4
39,23715u,page3,user_error,4
40,63805u,page3,process_error,4
41,38033u,page3,user_error,4
42,69120u,page3,user_error,4
43,110441u,page3,user_error,4
44,110441u,page3,user_error,4
45,126063u,page3,user_error,4
46,82624u,page3,user_error,4
47,18497u,page3,user_error,4
48,74105u,page3,user_error,4
49,222252u,page3,user_error,4
50,284744u,page3,user_error,4
51,251690u,page3,user_error,4
52,141270u,page3,user_error,4
53,141270u,page3,user_error,4
54,12460u,page3,user_error,4
55,236268u,page3,user_error,4
56,190805u,page3,user_error,4
57,189147u,page3,user_error,4
58,31015u,page3,user_error,4
59,152272u,page3,user_error,4
60,14537u,page3,user_error,4
61,67822u,page3,user_error,3
62,89901u,page3,user_error,3
63,37007u,page3,user_error,3
64,37007u,page3,user_error,3
65,42930u,page3,user_error,3
66,154313u,page3,user_error,3
67,196072u,page3,user_error,3
68,222908u,page3,user_error,3
69,23715u,page3,user_error,3
70,69883u,page3,user_error,3
71,246943u,page3,user_error,3
72,55268u,page3,user_error,3
73,206305u,page3,process_error,3
74,65919u,page3,process_error,3
75,273194u,page3,user_error,3
76,150975u,page3,user_error,3
77,82624u,page3,user_error,3
78,163330u,page3,user_error,3
79,112656u,page3,user_error,3
80,172589u,page3,user_error,3
81,258991u,page3,user_error,3
82,48444u,page3,user_error,3
83,253636u,page3,user_error,3
84,258934u,page3,user_error,3
85,168485u,page3,user_error,3
86,280217u,page3,user_error,3
87,249189u,page3,user_error,3
88,237214u,page3,user_error,3
89,288930u,page3,user_error,3
90,9429u,page3,user_error,3
91,111999u,page3,user_error,3
92,140983u,page3,process_error,3
93,236524u,page3,user_error,3
94,242171u,page3,user_error,3
95,178640u,page3,user_error,3
96,273729u,page3,user_error,3
97,193949u,page3,user_error,3
98,119836u,page3,process_error,3
99,30844u,page3,user_error,3
100,30844u,page3,process_error,3
101,194442u,page3,user_error,3
102,281375u,page3,user_error,3
103,194834u,page3,user_error,3
104,237962u,page3,user_error,3
105,237962u,page3,user_error,3
106,295919u,page3,user_error,3
107,275363u,page3,user_error,3
108,88933u,page3,user_error,3
109,295710u,page3,user_error,3
110,194103u,page3,user_error,3
111,64033u,page3,user_error,3
112,249584u,page3,user_error,2
113,30723u,page3,user_error,2
114,1105u,page3,user_error,2
115,27892u,page3,user_error,2
116,243625u,page3,user_error,2
117,183150u,page3,user_error,2
118,288810u,page3,user_error,2
119,225380u,page3,user_error,2
120,372u,page3,user_error,2
121,182694u,page3,user_error,2
122,16002u,page3,user_error,2
123,27064u,page3,user_error,2
124,66983u,page3,user_error,2
125,66983u,page3,user_error,2
126,202273u,page3,user_error,2
127,6889u,page3,user_error,2
128,244069u,page3,user_error,2
129,37563u,page3,user_error,2
130,281601u,page3,user_error,2
131,281601u,page3,user_error,2
132,86093u,page3,user_error,2
133,158529u,page3,user_error,2
134,173938u,page3,user_error,2
135,173938u,page3,user_error,2
136,239946u,page3,user_error,2
137,198028u,page3,user_error,2
138,208675u,page3,user_error,2
139,226151u,page3,user_error,2
140,9971u,page3,user_error,2
141,9971u,page3,user_error,2
142,57320u,page3,user_error,2
143,67656u,page3,user_error,2
144,116192u,page3,user_error,2
145,125351u,page3,user_error,2
146,63767u,page3,user_error,2
147,43000u,page3,user_error,2
148,117624u,page3,user_error,2
149,117624u,page3,user_error,2
150,242278u,page3,user_error,2
151,228885u,page3,user_error,2
152,36265u,page3,user_error,2
153,174379u,page3,user_error,2
154,52696u,page3,user_error,2
155,89870u,page3,user_error,2
156,112959u,page3,user_error,2
157,274228u,page3,user_error,2
158,110290u,page3,user_error,2
159,204680u,page3,user_error,2
160,45397u,page3,user_error,2
161,37558u,page3,user_error,2
162,37558u,page3,user_error,2
163,149943u,page3,user_error,2
164,276950u,page3,user_error,2
165,229872u,page3,user_error,2
166,229872u,page3,user_error,2
167,75734u,page3,user_error,2
168,75734u,page3,process_error,2
169,195541u,page3,user_error,2
170,195541u,page3,user_error,2
171,122746u,page3,user_error,2
172,75583u,page3,user_error,2
173,15044u,page3,user_error,2
174,133616u,page3,user_error,2
175,133616u,page3,user_error,2
176,46877u,page3,user_error,2
177,10447u,page3,user_error,2
178,3462u,page3,user_error,2
179,45619u,page3,user_error,2
180,33006u,page3,user_error,2
181,33006u,page3,user_error,2
182,26422u,page3,user_error,2
183,19008u,page3,user_error,2
184,297202u,page3,user_error,2
185,69628u,page3,user_error,2
186,187868u,page3,user_error,2
187,213385u,page3,process_error,2
188,200520u,page3,user_error,2
189,140340u,page3,user_error,2
190,176096u,page3,user_error,2
191,206088u,page3,user_error,2
192,73388u,page3,user_error,2
193,194622u,page3,user_error,2
194,228738u,page3,user_error,2
195,90351u,page3,user_error,2
196,102117u,page3,user_error,2
197,148761u,page3,user_error,2
198,273768u,page3,user_error,2
199,163330u,page3,user_error,2
200,112656u,page3,user_error,2
201,164307u,page3,user_error,2
202,4778u,page3,user_error,2
203,68361u,page3,user_error,2
204,24268u,page3,user_error,2
205,54075u,page3,user_error,2
206,172589u,page3,user_error,2
207,217801u,page3,user_error,2
208,86355u,page3,user_error,2
209,42654u,page3,user_error,2
210,117934u,page3,user_error,2
211,258934u,page3,user_error,2
212,154104u,page3,user_error,2
213,168485u,page3,user_error,2
214,26235u,page3,user_error,2
215,188104u,page3,user_error,2
216,183653u,page3,user_error,2
217,257537u,page3,user_error,2
218,70463u,page3,user_error,2
219,212794u,page3,user_error,2
220,159461u,page3,user_error,2
221,237214u,page3,user_error,2
222,242065u,page3,user_error,2
223,133653u,page3,user_error,2
224,64649u,page3,user_error,2
225,159419u,page3,user_error,2
226,192243u,page3,user_error,2
227,43171u,page3,user_error,2
228,94039u,page3,user_error,2
229,45774u,page3,user_error,2
230,249933u,page3,user_error,2
231,280624u,page3,user_error,2
232,4106u,page3,user_error,2
233,251690u,page3,user_error,2
234,90556u,page3,user_error,2
235,75250u,page3,user_error,2
236,124285u,page3,user_error,2
237,169438u,page3,user_error,2
238,282697u,page3,user_error,2
239,281942u,page3,user_error,2
240,291938u,page3,user_error,2
241,85045u,page3,user_error,2
242,276920u,page3,user_error,2
243,104775u,page3,user_error,2
244,287789u,page3,user_error,2
245,234239u,page3,user_error,2
246,226741u,page3,user_error,2
247,256648u,page3,user_error,2
248,21621u,page3,user_error,2
249,111999u,page3,user_error,2
250,280925u,page3,user_error,2
251,280925u,page3,user_error,2
252,236268u,page3,user_error,2
253,173278u,page3,user_error,2
254,140910u,page3,user_error,2
255,43446u,page3,user_error,2
256,116962u,page3,user_error,2
257,174504u,page3,user_error,2
258,105256u,page3,user_error,2
259,105256u,page3,user_error,2
260,193056u,page3,user_error,2
261,160778u,page3,user_error,2
262,144833u,page3,user_error,2
263,97912u,page3,user_error,2
264,185498u,page3,user_error,2
265,38910u,page3,process_error,2
266,198560u,page3,process_error,2
267,260897u,page3,user_error,2
268,272934u,page3,user_error,2
269,224565u,page3,user_error,2
270,152936u,page3,user_error,2
271,298973u,page3,user_error,2
272,240952u,page3,user_error,2
273,78693u,page3,user_error,2
274,10851u,page3,user_error,2
275,54159u,page3,user_error,2
276,5348u,page3,user_error,2
277,161974u,page3,user_error,2
278,88048u,page3,user_error,2
279,73701u,page3,user_error,2
280,173045u,page3,user_error,2
281,189147u,page3,user_error,2
282,20629u,page3,user_error,2
283,88249u,page3,user_error,2
284,115799u,page3,user_error,2
285,67900u,page3,user_error,2
286,144757u,page3,user_error,2
287,180854u,page3,user_error,2
288,228351u,page3,user_error,2
289,108559u,page3,user_error,2
290,94358u,page3,user_error,2
291,88933u,page3,user_error,2
292,227964u,page3,user_error,2
293,96938u,page3,user_error,2
294,290292u,page3,user_error,2
295,173062u,page3,user_error,2
296,171630u,page3,user_error,2
297,86728u,page3,user_error,2
298,41582u,page3,user_error,2
299,88142u,page3,user_error,2
300,277902u,page3,user_error,2
301,149066u,page3,user_error,1
302,258968u,page3,user_error,1
303,272738u,page3,user_error,1
304,7973u,page3,user_error,1
305,244394u,page3,user_error,1
306,74563u,page3,user_error,1
307,176869u,page3,user_error,1
308,136784u,page3,user_error,1
309,159508u,page3,user_error,1
310,249584u,page3,user_error,1
311,193037u,page3,user_error,1
312,88214u,page3,user_error,1
313,1105u,page3,user_error,1
314,13491u,page3,user_error,1
315,102509u,page3,user_error,1
316,286300u,page3,user_error,1
317,196672u,page3,user_error,1
318,253351u,page3,user_error,1
319,22840u,page3,user_error,1
320,284334u,page3,user_error,1
321,51639u,page3,user_error,1
322,163588u,page3,user_error,1
323,178003u,page3,user_error,1
324,202215u,page3,user_error,1
325,122591u,page3,user_error,1
326,173607u,page3,user_error,1
327,128366u,page3,user_error,1
328,220103u,page3,user_error,1
329,2158u,page3,user_error,1
330,55172u,page3,user_error,1
331,32474u,page3,user_error,1
332,127173u,page3,user_error,1
333,89901u,page3,user_error,1
334,73442u,page3,user_error,1
335,61391u,page3,user_error,1
336,268289u,page3,user_error,1
337,19481u,page3,user_error,1
338,201043u,page3,user_error,1
339,115246u,page3,user_error,1
340,150732u,page3,user_error,1
341,90905u,page3,user_error,1
342,148931u,page3,user_error,1
343,128632u,page3,user_error,1
344,92163u,page3,user_error,1
345,61670u,page3,user_error,1
346,214012u,page3,user_error,1
347,214012u,page3,user_error,1
348,76108u,page3,user_error,1
349,185536u,page3,user_error,1
350,206526u,page3,user_error,1
351,111910u,page3,user_error,1
352,158529u,page3,user_error,1
353,214683u,page3,user_error,1
354,245382u,page3,user_error,1
355,201493u,page3,user_error,1
356,172743u,page3,user_error,1
357,221597u,page3,user_error,1
358,46435u,page3,user_error,1
359,293197u,page3,user_error,1
360,36927u,page3,user_error,1
361,61877u,page3,user_error,1
362,199421u,page3,user_error,1
363,211573u,page3,user_error,1
364,81846u,page3,user_error,1
365,88961u,page3,user_error,1
366,42236u,page3,user_error,1
367,516u,page3,user_error,1
368,146450u,page3,user_error,1
369,112392u,page3,user_error,1
370,257431u,page3,user_error,1
371,140788u,page3,user_error,1
372,226151u,page3,user_error,1
373,74216u,page3,user_error,1
374,36078u,page3,user_error,1
375,101238u,page3,user_error,1
376,31750u,page3,user_error,1
377,84564u,page3,user_error,1
378,192900u,page3,user_error,1
379,252007u,page3,user_error,1
380,48628u,page3,process_error,1
381,30916u,page3,user_error,1
382,141177u,page3,user_error,1
383,36402u,page3,user_error,1
384,63767u,page3,user_error,1
385,85436u,page3,user_error,1
386,79575u,page3,user_error,1
387,265363u,page3,user_error,1
388,246295u,page3,user_error,1
389,241070u,page3,user_error,1
390,191244u,page3,user_error,1
391,24478u,page3,user_error,1
392,24478u,page3,user_error,1
393,290622u,page3,user_error,1
394,269142u,page3,user_error,1
395,82151u,page3,user_error,1
396,298025u,page3,user_error,1
397,193743u,page3,user_error,1
398,162448u,page3,user_error,1
399,15668u,page3,user_error,1
400,203036u,page3,user_error,1
401,40757u,page3,user_error,1
402,251965u,page3,user_error,1
403,169938u,page3,user_error,1
404,239598u,page3,user_error,1
405,22003u,page3,user_error,1
406,277477u,page3,user_error,1
407,277477u,page3,user_error,1
408,49589u,page3,user_error,1
409,10369u,page3,user_error,1
410,9747u,page3,user_error,1
411,138977u,page3,user_error,1
412,238013u,page3,user_error,1
413,222071u,page3,user_error,1
414,47967u,page3,user_error,1
415,67916u,page3,user_error,1
416,164560u,page3,user_error,1
417,196072u,page3,user_error,1
418,163393u,page3,user_error,1
419,182243u,page3,user_error,1
420,214886u,page3,user_error,1
421,138041u,page3,user_error,1
422,190320u,page3,user_error,1
423,36904u,page3,user_error,1
424,110214u,page3,user_error,1
425,14918u,page3,user_error,1
426,204680u,page3,user_error,1
427,55232u,page3,user_error,1
428,298016u,page3,user_error,1
429,45397u,page3,user_error,1
430,168593u,page3,user_error,1
431,205138u,page3,user_error,1
432,29630u,page3,user_error,1
433,30874u,page3,user_error,1
434,237410u,page3,user_error,1
435,194567u,page3,user_error,1
436,276950u,page3,user_error,1
437,31588u,page3,user_error,1
438,159874u,page3,user_error,1
439,41317u,page3,user_error,1
440,1052u,page3,user_error,1
441,75734u,page3,process_error,1
442,142718u,page3,user_error,1
443,253825u,page3,user_error,1
444,192514u,page3,user_error,1
445,281475u,page3,user_error,1
446,96788u,page3,user_error,1
447,208443u,page3,user_error,1
448,6503u,page3,process_error,1
449,144128u,page3,user_error,1
450,217167u,page3,user_error,1
451,263009u,page3,user_error,1
452,153348u,page3,user_error,1
453,88910u,page3,user_error,1
454,24969u,page3,user_error,1
455,254705u,page3,user_error,1
456,193612u,page3,user_error,1
457,234137u,page3,user_error,1
458,211554u,page3,user_error,1
459,74900u,page3,user_error,1
460,186909u,page3,user_error,1
461,26422u,page3,user_error,1
462,23131u,page3,user_error,1
463,140981u,page3,user_error,1
464,206305u,page3,process_error,1
465,265429u,page3,user_error,1
466,57300u,page3,user_error,1
467,16972u,page3,user_error,1
468,295485u,page3,user_error,1
469,225435u,page3,user_error,1
470,9481u,page3,user_error,1
471,58699u,page3,user_error,1
472,58699u,page3,user_error,1
473,180237u,page3,user_error,1
474,180237u,page3,user_error,1
475,19528u,page3,user_error,1
476,53264u,page3,user_error,1
477,253439u,page3,user_error,1
478,194362u,page3,user_error,1
479,242968u,page3,user_error,1
480,144674u,page3,user_error,1
481,36564u,page3,user_error,1
482,258203u,page3,user_error,1
483,131183u,page3,user_error,1
484,236526u,page3,user_error,1
485,38033u,page3,user_error,1
486,83698u,page3,user_error,1
487,31212u,page3,user_error,1
488,24987u,page3,user_error,1
489,134399u,page3,user_error,1
490,200520u,page3,user_error,1
491,93052u,page3,user_error,1
492,151972u,page3,user_error,1
493,285615u,page3,user_error,1
494,286592u,page3,user_error,1
495,73388u,page3,user_error,1
496,210487u,page3,user_error,1
497,128465u,page3,user_error,1
498,194622u,page3,process_error,1
499,139149u,page3,user_error,1
500,32510u,page3,user_error,1
501,275853u,page3,user_error,1
502,107154u,page3,user_error,1
503,197040u,page3,user_error,1
504,11288u,page3,user_error,1
505,4070u,page3,user_error,1
506,102117u,page3,user_error,1
507,96519u,page3,user_error,1
508,141897u,page3,user_error,1
509,134763u,page3,user_error,1
510,21903u,page3,user_error,1
511,148761u,page3,user_error,1
512,246792u,page3,user_error,1
513,273768u,page3,user_error,1
514,12194u,page3,user_error,1
515,166302u,page3,user_error,1
516,110586u,page3,user_error,1
517,239123u,page3,user_error,1
518,293013u,page3,user_error,1
519,74672u,page3,user_error,1
520,86675u,page3,user_error,1
521,194019u,page3,user_error,1
522,233638u,page3,user_error,1
523,233638u,page3,process_error,1
524,13728u,page3,user_error,1
525,26463u,page3,user_error,1
526,117288u,page3,user_error,1
527,45560u,page3,user_error,1
528,202852u,page3,user_error,1
529,163316u,page3,user_error,1
530,101921u,page3,user_error,1
531,19097u,page3,user_error,1
532,157253u,page3,user_error,1
533,146745u,page3,user_error,1
534,60880u,page3,user_error,1
535,190183u,page3,user_error,1
536,236748u,page3,user_error,1
537,286190u,page3,user_error,1
538,194220u,page3,user_error,1
539,175784u,page3,user_error,1
540,160458u,page3,user_error,1
541,47885u,page3,user_error,1
542,32331u,page3,user_error,1
543,151209u,page3,user_error,1
544,253636u,page3,user_error,1
545,39748u,page3,user_error,1
546,264134u,page3,user_error,1
547,50574u,page3,user_error,1
548,181674u,page3,user_error,1
549,189552u,page3,user_error,1
550,59333u,page3,user_error,1
551,84401u,page3,user_error,1
552,174255u,page3,user_error,1
553,75101u,page3,user_error,1
554,56986u,page3,user_error,1
555,258183u,page3,user_error,1
556,11180u,page3,process_error,1
557,286269u,page3,user_error,1
558,70568u,page3,user_error,1
559,177728u,page3,user_error,1
560,146095u,page3,user_error,1
561,55869u,page3,user_error,1
562,53589u,page3,user_error,1
563,38891u,page3,user_error,1
564,217122u,page3,user_error,1
565,274634u,page3,user_error,1
566,274634u,page3,user_error,1
567,99671u,page3,user_error,1
568,29137u,page3,user_error,1
569,246091u,page3,user_error,1
570,248658u,page3,user_error,1
571,80102u,page3,user_error,1
572,156035u,page3,user_error,1
573,62238u,page3,user_error,1
574,290535u,page3,user_error,1
575,159461u,page3,user_error,1
576,263441u,page3,user_error,1
577,151260u,page3,user_error,1
578,18497u,page3,user_error,1
579,147393u,page3,user_error,1
580,39140u,page3,user_error,1
581,139222u,page3,user_error,1
582,52200u,page3,user_error,1
583,182210u,page3,user_error,1
584,6609u,page3,user_error,1
585,7875u,page3,user_error,1
586,41748u,page3,user_error,1
587,38233u,page3,user_error,1
588,207614u,page3,user_error,1
589,224816u,page3,user_error,1
590,43830u,page3,user_error,1
591,286655u,page3,user_error,1
592,3250u,page3,user_error,1
593,46049u,page3,user_error,1
594,137007u,page3,user_error,1
595,77899u,page3,user_error,1
596,120819u,page3,user_error,1
597,64649u,page3,user_error,1
598,155135u,page3,user_error,1
599,151341u,page3,user_error,1
600,287058u,page3,process_error,1
601,272654u,page3,user_error,1
602,209126u,page3,user_error,1
603,209126u,page3,user_error,1
604,150464u,page3,user_error,1
605,148557u,page3,user_error,1
606,84162u,page3,user_error,1
607,63634u,page3,user_error,1
608,141911u,page3,user_error,1
609,87296u,page3,user_error,1
610,181696u,page3,user_error,1
611,93826u,page3,user_error,1
612,180529u,page3,user_error,1
613,296058u,page3,user_error,1
614,182350u,page3,user_error,1
615,160637u,page3,user_error,1
616,274575u,page3,user_error,1
617,66192u,page3,user_error,1
618,299440u,page3,user_error,1
619,240801u,page3,user_error,1
620,294073u,page3,user_error,1
621,168320u,page3,user_error,1
622,1509u,page3,user_error,1
623,108873u,page3,user_error,1
624,124285u,page3,user_error,1
625,224241u,page3,user_error,1
626,247892u,page3,user_error,1
627,65715u,page3,user_error,1
628,281942u,page3,user_error,1
629,190049u,page3,user_error,1
630,257630u,page3,user_error,1
631,291938u,page3,user_error,1
632,245717u,page3,user_error,1
633,290200u,page3,user_error,1
634,276920u,page3,user_error,1
635,44134u,page3,user_error,1
636,129204u,page3,user_error,1
637,297703u,page3,user_error,1
638,3746u,page3,user_error,1
639,125298u,page3,user_error,1
640,9429u,page3,user_error,1
641,234239u,page3,user_error,1
642,72281u,page3,user_error,1
643,72281u,page3,user_error,1
644,226741u,page3,user_error,1
645,197186u,page3,user_error,1
646,256648u,page3,user_error,1
647,21621u,page3,user_error,1
648,133285u,page3,user_error,1
649,38934u,page3,user_error,1
650,259686u,page3,user_error,1
651,201419u,page3,user_error,1
652,125165u,page3,user_error,1
653,129608u,page3,user_error,1
654,268470u,page3,user_error,1
655,297080u,page3,user_error,1
656,297080u,page3,user_error,1
657,140983u,page3,user_error,1
658,209797u,page3,user_error,1
659,202656u,page3,user_error,1
660,201298u,page3,user_error,1
661,37359u,page3,user_error,1
662,129179u,page3,user_error,1
663,249993u,page3,user_error,1
664,110817u,page3,user_error,1
665,85603u,page3,user_error,1
666,11219u,page3,user_error,1
667,290521u,page3,user_error,1
668,24724u,page3,user_error,1
669,298846u,page3,user_error,1
670,165104u,page3,process_error,1
671,250365u,page3,user_error,1
672,190593u,page3,user_error,1
673,224895u,page3,user_error,1
674,160778u,page3,user_error,1
675,200653u,page3,user_error,1
676,161545u,page3,user_error,1
677,45497u,page3,user_error,1
678,206977u,page3,user_error,1
679,11411u,page3,user_error,1
680,175167u,page3,user_error,1
681,117754u,page3,user_error,1
682,118828u,page3,user_error,1
683,236421u,page3,user_error,1
684,246298u,page3,user_error,1
685,246298u,page3,user_error,1
686,4071u,page3,user_error,1
687,125513u,page3,user_error,1
688,97912u,page3,user_error,1
689,130165u,page3,user_error,1
690,275485u,page3,user_error,1
691,46533u,page3,user_error,1
692,238272u,page3,user_error,1
693,13599u,page3,user_error,1
694,235921u,page3,user_error,1
695,177625u,page3,user_error,1
696,76521u,page3,user_error,1
697,85516u,page3,user_error,1
698,190805u,page3,user_error,1
699,185498u,page3,user_error,1
700,96641u,page3,user_error,1
701,44478u,page3,user_error,1
702,168138u,page3,user_error,1
703,26637u,page3,user_error,1
704,176889u,page3,user_error,1
705,272934u,page3,user_error,1
706,140344u,page3,user_error,1
707,10684u,page3,user_error,1
708,193949u,page3,user_error,1
709,24126u,page3,user_error,1
710,24126u,page3,process_error,1
711,240900u,page3,user_error,1
712,95409u,page3,user_error,1
713,175313u,page3,user_error,1
714,275188u,page3,user_error,1
715,81496u,page3,user_error,1
716,117971u,page3,user_error,1
717,202941u,page3,user_error,1
718,276308u,page3,user_error,1
719,180761u,page3,user_error,1
720,210241u,page3,user_error,1
721,53373u,page3,user_error,1
722,128184u,page3,user_error,1
723,153487u,page3,user_error,1
724,236199u,page3,user_error,1
725,155583u,page3,user_error,1
726,213335u,page3,user_error,1
727,122915u,page3,user_error,1
728,207399u,page3,user_error,1
729,119836u,page3,user_error,1
730,119836u,page3,process_error,1
731,41085u,page3,user_error,1
732,194128u,page3,user_error,1
733,284208u,page3,user_error,1
734,63250u,page3,user_error,1
735,187681u,page3,user_error,1
736,200802u,page3,user_error,1
737,240952u,page3,user_error,1
738,231910u,page3,user_error,1
739,28120u,page3,user_error,1
740,141748u,page3,user_error,1
741,140662u,page3,user_error,1
742,257135u,page3,user_error,1
743,41589u,page3,user_error,1
744,263255u,page3,user_error,1
745,183471u,page3,user_error,1
746,265597u,page3,user_error,1
747,169653u,page3,user_error,1
748,101671u,page3,user_error,1
749,271215u,page3,user_error,1
750,169507u,page3,user_error,1
751,280626u,page3,user_error,1
752,247532u,page3,user_error,1
753,214773u,page3,user_error,1
754,54306u,page3,user_error,1
755,88727u,page3,user_error,1
756,102635u,page3,user_error,1
757,88249u,page3,user_error,1
758,206135u,page3,user_error,1
759,162359u,page3,user_error,1
760,245428u,page3,user_error,1
761,242970u,page3,user_error,1
762,100205u,page3,user_error,1
763,18032u,page3,user_error,1
764,227210u,page3,user_error,1
765,272959u,page3,user_error,1
766,242104u,page3,user_error,1
767,294999u,page3,user_error,1
768,85101u,page3,user_error,1
769,18891u,page3,user_error,1
770,171790u,page3,user_error,1
771,169688u,page3,user_error,1
772,169688u,page3,user_error,1
773,148691u,page3,user_error,1
774,226854u,page3,user_error,1
775,18703u,page3,user_error,1
776,248370u,page3,user_error,1
777,108559u,page3,user_error,1
778,9245u,page3,user_error,1
779,267657u,page3,user_error,1
780,277818u,page3,user_error,1
781,168389u,page3,user_error,1
782,140487u,page3,user_error,1
783,116054u,page3,user_error,1
784,69058u,page3,user_error,1
785,41092u,page3,user_error,1
786,41092u,page3,user_error,1
787,110012u,page3,user_error,1
788,254545u,page3,user_error,1
789,209149u,page3,user_error,1
790,156932u,page3,user_error,1
791,286873u,page3,user_error,1
792,218681u,page3,user_error,1
793,61184u,page3,user_error,1
794,200849u,page3,user_error,1
795,45666u,page3,user_error,1
796,67614u,page3,user_error,1
797,249554u,page3,user_error,1
798,15727u,page3,user_error,1
799,48767u,page3,user_error,1
800,251835u,page3,user_error,1
801,256143u,page3,user_error,1
802,39788u,page3,user_error,1
803,115318u,page3,user_error,1
804,200342u,page3,user_error,1
805,124120u,page3,user_error,1
806,8039u,page3,user_error,1
807,282436u,page3,user_error,1
808,72333u,page3,user_error,1
809,158243u,page3,user_error,1
810,89347u,page3,user_error,1
811,285278u,page3,user_error,1
812,142059u,page3,user_error,1
813,86051u,page3,user_error,1
814,166788u,page3,user_error,1
815,67031u,page3,user_error,1
816,10316u,page3,user_error,1
817,205684u,page3,user_error,1
818,94867u,page3,user_error,1
819,204995u,page3,user_error,1
820,113362u,page3,user_error,1
821,215111u,page3,user_error,1
822,132526u,page3,user_error,1
823,41582u,page3,process_error,1
824,232561u,page3,user_error,1
825,295710u,page3,user_error,1
826,188615u,page3,user_error,1
827,174303u,page3,user_error,1
828,235934u,page3,user_error,1
829,45357u,page3,user_error,1
830,298199u,page3,user_error,1
831,64033u,page3,user_error,1
832,109844u,page3,user_error,1
833,154042u,page3,user_error,1
834,50327u,page3,user_error,1
835,155059u,page3,user_error,1
836,277902u,page3,user_error,1
837,124638u,page3,user_error,1
838,146768u,page3,user_error,1
839,196389u,page3,user_error,1
840,113514u,page3,user_error,1
841,149992u,page3,user_error,1
842,279292u,page3,user_error,1
843,291798u,page3,user_error,1
844,291798u,page3,user_error,1
845,195179u,page3,user_error,1
